Source,Target
Monica,Joey
Monica,Chandler
Monica,Phoebe
Monica,Ross
Monica,Rachel
Monica,waitress
Monica,Paul
Monica,Franny
Monica,Judy
Monica,Jack
Monica,Paula
Monica,Alan
Monica,Allan
Monica,pizzaGuy
Monica,Bob
Monica,Angela
Monica,Paolo
Monica,auntLillian
Monica,Nana
Monica,NanasNurse
Monica,Janice
Monica,Sandy_date
Monica,Marcel
Monica,funBobby
Monica,comaGuy
Monica,Syl
Monica,Roger
Monica,Ronni
Monica,MrTribbiani
Monica,firemanDave
Monica,Charlie
Monica,Ed
Monica,firemanCharlie
Monica,firemanEd
Monica,Wendy
Monica,Steve
Monica,MrHeckles
Monica,receptionist_1_17
Monica,admissionsWoman
Monica,DrMitchel
Monica,DrRosen
Monica,LeonardGreen
Monica,auntIris
Monica,LuisaGianetti
Monica,Sydney
Monica,Danielle
Monica,teacher
Monica,fakeMonica
Monica,creditCardGuy
Monica,Ethan
Monica,Carol
Monica,nurse
Monica,Ben
Monica,Julie
Monica,Susan
Monica,Joanne
Monica,MrTreeger
Monica,MrBuddyDoyle
Monica,waiter_2_5
Monica,StevenFishman
Monica,Leon
Monica,DrKarl
Monica,LeonRastatter
Monica,waiter_2_10
Monica,SandraGreen
Monica,Erika
Monica,vanDamme
Monica,restManager
Monica,Roy
Monica,Chip
Monica,Richard
Monica,JudysFriend
Monica,Eddie
Monica,Gunther
Monica,Richard'sDaughter
Monica,FrankJr
Monica,Jester
Monica,Julio
Monica,clerk
Monica,Misha
Monica,Alice
Monica,Pete
Monica,Estelle
Monica,director_3_22
Monica,MrsBecker
Monica,Tim
Monica,Tomas
Monica,Bonnie
Monica,Josh
Monica,MrsBurkart
Monica,Cheryl
Monica,receptionist_4_8
Monica,DrTimothyBurke
Monica,Alessandro
Monica,waiter
Monica,kitchenWorker
Monica,waiter_4_10
Monica,Kathy
Monica,Emily
Monica,saleswoman
Monica,olderGuest
Monica,AndreaWaltham
Monica,registrar
Monica,Dan
Monica,hotelClerk
Monica,Danny
Monica,Larry
Monica,doctor_5_8
Monica,femaleStudent
Monica,Doug
Monica,Kara
Monica,RevBong
Monica,Gary
Monica,Jen
Monica,DrMiller
Monica,croupier
Monica,Randall
Monica,drunkGambler
Monica,LeslieBuffay
Monica,FrankJrJr
Monica,ChandlerBuffay
Monica,Janine
Monica,stageManager
Monica,Jill
Monica,DrRoger
Monica,twinCarl
Monica,fireman1
Monica,Elizabeth
Monica,PaulStevens
Monica,museumOfficial
Monica,Hildy
Monica,Lisa
Monica,neighbor_7_1
Monica,photographer
Monica,JulieGraff
Monica,waitress_7_7
Monica,Tag
Monica,neighborGary
Monica,neighborWoman
Monica,maitre_7_10
Monica,Frannie'sFriend
Monica,Frannie'sMate
Monica,Frannie
Monica,Stuart
Monica,JessicaLockhart
Monica,Megan
Monica,Jake
Monica,Cassie
Monica,waiterInDrag
Monica,HelenaHandbasket
Monica,Maureen
Monica,NoraBing
Monica,greekPriest
Monica,photographer_8_1
Monica,bandLeader
Monica,frontDeskClerk
Monica,manHoneymoon
Monica,womanHoneymoon
Monica,airlineEmpl
Monica,loungeGuy
Monica,deskClerk
Monica,Brenda
Monica,Stu
Monica,hooker
Monica,Will
Monica,dateRoger
Monica,Alexandra
Monica,Don
Monica,Parker
Monica,interviewer
Monica,foodCritic
Monica,cook.ClassTeacher
Monica,nurse3
Monica,Emma
Monica,h.hunter(phone)
Monica,Amy
Monica,Gavin
Monica,Mike
Monica,Manny
Monica,TomGordon
Monica,Kori
Monica,customer1
Monica,customer2
Monica,customer3
Monica,Kyle
Monica,Matthew
Monica,DrConnely
Monica,Zack
Monica,David
Monica,Bill_10
Monica,Colleen
Monica,Owen
Monica,Amanda
Monica,Laura
Monica,adoptionAgencyWorker
Monica,Erica
Monica,pizzaGuy_10
Monica,partyGoers
Monica,Marjorie
Monica,groomsMan
Monica,realtor
Monica,Ellen
Monica,doctor_10_17
Monica,babyJack
Monica,babyErica
Monica,moverGuy1
Monica,moverGuy2
Joey,Chandler
Joey,Ross
Joey,Rachel
Joey,Phoebe
Joey,Paul
Joey,Alan
Joey,nurseSizemore
Joey,Angela
Joey,Bob
Joey,actress(Eva)
Joey,director_1_6
Joey,Paolo
Joey,Jack
Joey,obsessionGirl
Joey,Sandy_date
Joey,funBobby
Joey,kids
Joey,NoraBing
Joey,MrTribbiani
Joey,Ronni
Joey,Roger
Joey,GloriaTribbiani
Joey,Lorraine
Joey,Janice
Joey,Ursula
Joey,PhoebeAsUrsula
Joey,Samantha
Joey,SamanthasRoomate
Joey,Mindy
Joey,Sydney
Joey,Danielle
Joey,Marcel
Joey,director_1_21
Joey,Lydia
Joey,Lydiasmother
Joey,nurse
Joey,Carol
Joey,Ben
Joey,Melanie
Joey,Julie
Joey,Annabel
Joey,hombreMan
Joey,Susan
Joey,MrHeckles
Joey,MrTreeger
Joey,waiter_2_5
Joey,Jade
Joey,woman_2_6
Joey,girl1InBus
Joey,girl2InBus
Joey,transitOff.Guy
Joey,Estelle
Joey,SandraGreen
Joey,MrAdelman
Joey,partyGuest
Joey,Erika
Joey,Erica
Joey,securityGuard
Joey,director_2_13
Joey,Cathy
Joey,vanDamme
Joey,apartmentGuy
Joey,Eddie
Joey,messenger
Joey,Gunther
Joey,castingDir_2_19
Joey,Richard
Joey,MrsBuffay
Joey,LeonardGreen
Joey,ScottAlexander
Joey,Jeannie
Joey,MrDouglas
Joey,Mike(addGuy)
Joey,FrankJr
Joey,students_3_7
Joey,Cal
Joey,Jester
Joey,uglyNakedGuy
Joey,Margha
Joey,MaryTherese
Joey,Cookie
Joey,Gina
Joey,Dina
Joey,MaryAngela
Joey,Tina
Joey,Veronica
Joey,director_3_12
Joey,Robert
Joey,Leslie
Joey,Ginger
Joey,Chloe
Joey,Pete
Joey,Kate
Joey,director_3_19
Joey,Lauren
Joey,director_3_20
Joey,chick
Joey,duck
Joey,director_3_22
Joey,GuruSaj
Joey,Tim
Joey,Tomas
Joey,Bonnie
Joey,Tony
Joey,Peter
Joey,thief
Joey,salesman
Joey,Kathy
Joey,Casey
Joey,DrTimothyBurke
Joey,waiter
Joey,smartKid
Joey,Rhonda
Joey,director_4_14
Joey,C.Heston
Joey,Emily
Joey,singingGuy
Joey,stripper
Joey,doctor(vet)
Joey,vendor
Joey,SarahFerguson
Joey,waiter_4_24
Joey,Felicity
Joey,AndreaWaltham
Joey,registrar
Joey,Joey'sDoctor
Joey,stageManager
Joey,PBSvolunteer
Joey,GaryCollins
Joey,Cynthia
Joey,Danny
Joey,RevBong
Joey,castingDir_5_13
Joey,Katie
Joey,Gary
Joey,Jen
Joey,oldMan
Joey,littleGirl
Joey,director_5_18
Joey,Raymond
Joey,grandmaTribbiani
Joey,Stanley
Joey,tourist
Joey,Randall
Joey,womanDealer
Joey,Rick
Joey,potentialRoommate
Joey,castingDirector1
Joey,kid
Joey,castingDirector3
Joey,director_6_4
Joey,Alex
Joey,passerby
Joey,woman_6_5
Joey,Guy1
Joey,porscheOwner
Joey,Guy2
Joey,Janine
Joey,Judy
Joey,tallGuy
Joey,dancingGirl
Joey,womanAtTable
Joey,customer_6_12
Joey,patron
Joey,femaleCustomer
Joey,Jill
Joey,Amy
Joey,malePatron
Joey,woman2
Joey,fan
Joey,DrRoger
Joey,Drake
Joey,receptionist_6_17
Joey,twinCarl
Joey,fireman1
Joey,Elizabeth
Joey,producer
Joey,Wayne
Joey,robot
Joey,Sarah
Joey,PaulStevens
Joey,dryCleaner
Joey,dryCleaner'sWife
Joey,MrThompson
Joey,MrBowmont
Joey,Terry
Joey,Stryker
Joey,Tag
Joey,Erin
Joey,waiter_7_11
Joey,JessicaLockhart
Joey,Kristen
Joey,JessicaAshley
Joey,castingDir_7_19
Joey,director_7_19
Joey,Jake
Joey,womanWithJoey
Joey,RichardCrosby
Joey,Aaron
Joey,greekPriest
Joey,tennisGirl
Joey,Dennis
Joey,Mona
Joey,frontDeskClerk
Joey,Kash
Joey,hooker
Joey,Will
Joey,Bobby
Joey,waitress_8_12
Joey,Mable
Joey,doctor_8_14
Joey,dog
Joey,waiter_s8&s9
Joey,MrZelner
Joey,Parker
Joey,interviewer
Joey,Ray
Joey,foodCritic
Joey,cook.ClassTeacher
Joey,secondNurse
Joey,Clifford
Joey,Cliff
Joey,Emma
Joey,Mike
Joey,MaryEllen
Joey,Hayley
Joey,Hayley'sRoomate
Joey,restGuest
Joey,maitre_9_5
Joey,waiter_9_5
Joey,Sandy
Joey,Catherine
Joey,director_9_11
Joey,soapActor
Joey,Molly
Joey,receptionist_9_13
Joey,Sonya
Joey,castingDir_9_15
Joey,LeonardHayes
Joey,femaleProducer
Joey,director_9_19
Joey,Olivia
Joey,Charlie
Joey,Kyle
Joey,Dirk
Joey,fanSarah
Joey,David
Joey,waiter_9_23
Joey,agencyPerson
Joey,girl_10_6
Joey,Laura
Joey,dateSarah
Joey,DonnyOsmond
Joey,Gene
Joey,Henrietta
Joey,Theodore
Joey,Bitsy
Joey,guyOnTape
Joey,director_10_13
Joey,castingAssistant
Joey,Mackenzie
Joey,PhoebeAsEstelle
Joey,AlZebooker
Joey,duckJr
Joey,chickJr
Joey,babyErica
Joey,babyJack
Chandler,Phoebe
Chandler,Ross
Chandler,Rachel
Chandler,Paul
Chandler,Alan
Chandler,Allan
Chandler,nurseSizemore
Chandler,neighbor
Chandler,visaCardGuy
Chandler,Janice
Chandler,Aurora
Chandler,JillGoodacre
Chandler,Shelly
Chandler,Andrea
Chandler,Lowell
Chandler,Brian
Chandler,girl_1_10
Chandler,Paolo
Chandler,NoraBing
Chandler,Roger
Chandler,MrTribbiani
Chandler,Ronni
Chandler,Lorraine
Chandler,MsTedlock
Chandler,MrCostilick
Chandler,Helen
Chandler,Fran
Chandler,Ursula
Chandler,Nina
Chandler,MrDouglas
Chandler,receptionist_1_17
Chandler,Samantha
Chandler,SamanthasRoomate
Chandler,Danielle
Chandler,Marcel
Chandler,Gerston
Chandler,Petrie
Chandler,Santos
Chandler,Carol
Chandler,nurse
Chandler,Ben
Chandler,Melanie
Chandler,Julie
Chandler,Frankie
Chandler,MrHeckles
Chandler,MrTreeger
Chandler,MrBuddyDoyle
Chandler,Allison
Chandler,Jade
Chandler,waiter_2_5
Chandler,StevenFishman
Chandler,woman_2_6
Chandler,girl1
Chandler,girl2
Chandler,transitOff.Guy
Chandler,hotlinePerson
Chandler,funBobby
Chandler,Russ
Chandler,SandraGreen
Chandler,partyGuest
Chandler,Erika
Chandler,littleBoy
Chandler,SusieMoss
Chandler,Cathy
Chandler,Gail
Chandler,Eddie
Chandler,Tilly
Chandler,Richard
Chandler,Carl
Chandler,Arthur
Chandler,LeonardGreen
Chandler,ScottAlexander
Chandler,ShermanWhitfield
Chandler,FrankJr
Chandler,IsabellaRossellini
Chandler,Eric
Chandler,Gunther
Chandler,Margha
Chandler,MaryAngela
Chandler,Veronica
Chandler,MaryTherese
Chandler,Cookie
Chandler,Gina
Chandler,Dina
Chandler,Tina
Chandler,NonnaTribbiani
Chandler,stripper
Chandler,Robert
Chandler,Ginger
Chandler,Chloe
Chandler,Alice
Chandler,Pete
Chandler,Joanna
Chandler,chick
Chandler,duck
Chandler,Estelle
Chandler,director_3_22
Chandler,Tommy
Chandler,Vince
Chandler,GuruSaj
Chandler,Tim
Chandler,Tomas
Chandler,Doug
Chandler,Phil
Chandler,Stevens
Chandler,Bonnie
Chandler,Tony
Chandler,Peter
Chandler,Sophie
Chandler,gymReceptionist
Chandler,bankManager
Chandler,Karen
Chandler,Kathy
Chandler,DrTimothyBurke
Chandler,Gandalf
Chandler,Drew
Chandler,MikeFromOff.
Chandler,mailman
Chandler,tktcterAttendant
Chandler,Emily
Chandler,Joshua
Chandler,Marjorie
Chandler,doctor(vet)
Chandler,vendor
Chandler,waiter_4_24
Chandler,olderGuest
Chandler,registrar
Chandler,DrHarard
Chandler,Dan
Chandler,hotelClerk
Chandler,housekeeper
Chandler,Jack
Chandler,Judy
Chandler,doctor_5_8
Chandler,Danny
Chandler,Kara
Chandler,RevBong
Chandler,Gary
Chandler,Kim
Chandler,Caitlin
Chandler,grandmaTribbiani
Chandler,drunkGambler
Chandler,Alex
Chandler,director_6_4
Chandler,ChandlerBuffay
Chandler,LeslieBuffay
Chandler,FrankJrJr
Chandler,Janine
Chandler,Jill
Chandler,twinCarl
Chandler,fireman1
Chandler,Dana
Chandler,Elizabeth
Chandler,Sebastian
Chandler,PaulStevens
Chandler,Wayne
Chandler,Hildy
Chandler,jeweler
Chandler,jewelryCustomer
Chandler,Lisa
Chandler,photographer
Chandler,JulieGraff
Chandler,Tag
Chandler,neighborGary
Chandler,maitre_7_10
Chandler,Kristen
Chandler,Cassie
Chandler,waiterInDrag
Chandler,HelenaHandbasket
Chandler,greekPriest
Chandler,bandLeader
Chandler,Dennis
Chandler,frontDeskClerk
Chandler,man@wedding
Chandler,woman@wedding
Chandler,bride
Chandler,airlineEmpl
Chandler,loungeGuy
Chandler,manHoneymoon
Chandler,womanHoneymoon
Chandler,MrFranklin
Chandler,Bob@office
Chandler,Mona
Chandler,Brenda
Chandler,hooker
Chandler,Will
Chandler,Don
Chandler,Parker
Chandler,interviewer
Chandler,MrTyler
Chandler,nurse3
Chandler,Emma
Chandler,Walter
Chandler,MsMcKenna
Chandler,Ken
Chandler,Claudia
Chandler,Catherine
Chandler,Amy
Chandler,Chandler'sAssistant
Chandler,Wendy
Chandler,bossSteve
Chandler,blonde1
Chandler,blonde2
Chandler,Mike
Chandler,intern
Chandler,TomGordon
Chandler,Kori
Chandler,otherIntern
Chandler,receptionist_9_19
Chandler,bitterWomanStage
Chandler,nurse_9_21
Chandler,DrConnely
Chandler,Zack
Chandler,Jeanette
Chandler,David
Chandler,Charlie
Chandler,Bill_10
Chandler,Colleen
Chandler,Owen
Chandler,Amanda
Chandler,agencyPerson
Chandler,Laura
Chandler,adoptionAgencyWorker
Chandler,Erica
Chandler,realtorNancy
Chandler,Missy
Chandler,reunionMember
Chandler,Adrienne
Chandler,realtor
Chandler,Ellen
Chandler,babyJack
Chandler,doctor_10_17
Chandler,babyErica
Chandler,duckJr
Chandler,chickJr
Phoebe,Ross
Phoebe,Rachel
Phoebe,Paul
Phoebe,Alan
Phoebe,Lizzy
Phoebe,pizzaGuy
Phoebe,Tony
Phoebe,Janice
Phoebe,MrHeckles
Phoebe,Paolo
Phoebe,Max
Phoebe,David
Phoebe,comaGuy
Phoebe,receptionist_1_12
Phoebe,Roger
Phoebe,MrTribbiani
Phoebe,firemanDave
Phoebe,Charlie
Phoebe,Ed
Phoebe,firemanCharlie
Phoebe,firemanEd
Phoebe,Steve
Phoebe,H.HuntAsCustomer
Phoebe,L.KenzleAsCustomer
Phoebe,Ursula
Phoebe,Betty
Phoebe,auntIris
Phoebe,LuisaGianetti
Phoebe,Danielle
Phoebe,Marcel
Phoebe,Susan
Phoebe,worker
Phoebe,nurse
Phoebe,Ben
Phoebe,Julie
Phoebe,Carol
Phoebe,MrTreeger
Phoebe,Duncan
Phoebe,waiter_2_5
Phoebe,Stephanie
Phoebe,FrankJr
Phoebe,Frances
Phoebe,phoneInformation
Phoebe,funBobby
Phoebe,Russ
Phoebe,SandraGreen
Phoebe,MrAdelman
Phoebe,RobDonnen
Phoebe,kids
Phoebe,littleBoy
Phoebe,Richard
Phoebe,producer
Phoebe,Eddie
Phoebe,dog
Phoebe,MrsBuffay
Phoebe,Gunther
Phoebe,guests
Phoebe,LeonardGreen
Phoebe,Ryan
Phoebe,Richard'sDaughter
Phoebe,Malcom
Phoebe,Annie
Phoebe,Jasmine
Phoebe,boyMattressShop
Phoebe,deliverMan
Phoebe,xMasCustomer
Phoebe,Cookie
Phoebe,Robert
Phoebe,Leslie
Phoebe,Sergei
Phoebe,Misha
Phoebe,Alice
Phoebe,Pete
Phoebe,Tommy
Phoebe,Vince
Phoebe,Jason
Phoebe,Tim
Phoebe,Tomas
Phoebe,Bonnie
Phoebe,PhoebeAbbott
Phoebe,cat/Lilly
Phoebe,Judy
Phoebe,Rick
Phoebe,interviewer_4_4
Phoebe,Kathy
Phoebe,MrsBurkart
Phoebe,DrTimothyBurke
Phoebe,DrZane
Phoebe,patron_4_14
Phoebe,Emily
Phoebe,Joshua
Phoebe,doctor_4_17
Phoebe,h.keeperWaltham's
Phoebe,AndreaWaltham
Phoebe,registrar
Phoebe,receptionist_5_3
Phoebe,DrHarard
Phoebe,DrOberman
Phoebe,FrankJrJr
Phoebe,LeslieBuffay
Phoebe,ChandlerBuffay
Phoebe,Larry
Phoebe,soldierInBattle
Phoebe,soldierInHosp
Phoebe,teacher
Phoebe,femaleStudent
Phoebe,Danny
Phoebe,man_5_10
Phoebe,Bob_5_10
Phoebe,Ginger_5_10
Phoebe,duck
Phoebe,chick
Phoebe,MrsPinello
Phoebe,FrankSr
Phoebe,RevBong
Phoebe,neighborSteve
Phoebe,smokingWoman
Phoebe,Gary
Phoebe,grandmaTribbiani
Phoebe,elderlyWoman
Phoebe,securityGuard
Phoebe,Randall
Phoebe,Meg
Phoebe,Karin
Phoebe,Jack
Phoebe,Jill
Phoebe,fan
Phoebe,Brindy
Phoebe,Jack(boss)
Phoebe,fireman1
Phoebe,fireman2
Phoebe,Elizabeth
Phoebe,Sebastian
Phoebe,Patrick
Phoebe,PaulStevens
Phoebe,dryCleaner
Phoebe,museumOfficial
Phoebe,jeweler
Phoebe,jewelryCustomer
Phoebe,MrThompson
Phoebe,EmilAlexander
Phoebe,Tag
Phoebe,Kyle
Phoebe,Whitney
Phoebe,Erin
Phoebe,waiter_7_11
Phoebe,fireman
Phoebe,supervisor
Phoebe,Earl
Phoebe,Tom
Phoebe,Megan
Phoebe,Jake
Phoebe,Cassie
Phoebe,Melissa
Phoebe,NoraBing
Phoebe,HelenaHandbasket
Phoebe,photographer_8_1
Phoebe,frontDeskClerk
Phoebe,Eric
Phoebe,Will
Phoebe,Jenny
Phoebe,Trudy
Phoebe,dateRoger
Phoebe,Alexandra
Phoebe,Don
Phoebe,Jim
Phoebe,Parker
Phoebe,interviewer
Phoebe,Cliff
Phoebe,secondNurse
Phoebe,Emma
Phoebe,Mike
Phoebe,MaryEllen
Phoebe,waiter_9_5
Phoebe,maitre_9_5
Phoebe,Theodore
Phoebe,Bitsy
Phoebe,Sue
Phoebe,Amy
Phoebe,Bill
Phoebe,Kevin
Phoebe,director_9_11
Phoebe,femaleExtra1
Phoebe,femaleExtra2
Phoebe,soapActor
Phoebe,Lowell
Phoebe,Manny
Phoebe,spaReceptionist
Phoebe,cologneSpritzer
Phoebe,Precious
Phoebe,nachoGuy
Phoebe,charityClerk
Phoebe,Roy
Phoebe,Erica
Phoebe,director_10_13
Phoebe,clerk_10_14
Phoebe,Rita
Phoebe,chickJr
Phoebe,duckJr
Phoebe,babyErica
Phoebe,babyJack
Phoebe,manInCab
Phoebe,ticketAgent
Ross,Rachel
Ross,Paul
Ross,Marsha
Ross,Carol
Ross,Judy
Ross,Jack
Ross,Susan
Ross,DrOberman
Ross,Alan
Ross,nurseSizemore
Ross,brattyBoy
Ross,horribleWoman
Ross,Paolo
Ross,auntLillian
Ross,Nana
Ross,NanasNurse
Ross,Marcel
Ross,Janice
Ross,NoraBing
Ross,MrTribbiani
Ross,Roger
Ross,Kristen
Ross,waiter
Ross,Celia
Ross,admissionsWoman
Ross,DrMitchel
Ross,LuisaGianetti
Ross,MrHeckles
Ross,Barry
Ross,Danielle
Ross,DrBalharar
Ross,flightWoman
Ross,DrFranzblau
Ross,nurse
Ross,Ben
Ross,Julie
Ross,MrTreeger
Ross,womanOnBench
Ross,waiter_2_5
Ross,StevenFishman
Ross,DrKarl
Ross,Gunther
Ross,girl_2_9
Ross,funBobby
Ross,Russ
Ross,SandraGreen
Ross,MrLipson
Ross,zooKeeper
Ross,Erika
Ross,guy
Ross,securityGuard
Ross,SusieMoss
Ross,Richard
Ross,RichardsFriend
Ross,coffeeShopPatron_2_17
Ross,Tony
Ross,Carl
Ross,Arthur
Ross,LeonardGreen
Ross,Ryan
Ross,bandGuy
Ross,ShermanWhitfield
Ross,FrankJr
Ross,IsabellaRossellini
Ross,Sarah
Ross,oldWoman
Ross,Charla
Ross,girlElizabeth
Ross,troopLeader
Ross,Mark
Ross,Nancy
Ross,Robert
Ross,Sophie
Ross,Chloe
Ross,Isaac
Ross,Jasmine
Ross,Alice
Ross,Pete
Ross,Cailin
Ross,Tommy
Ross,director_3_22
Ross,doctor_3_23
Ross,DrRhodes
Ross,GuruSaj
Ross,Tim
Ross,Tomas
Ross,Bonnie
Ross,cat/Lilly
Ross,gymReceptionist
Ross,Maria
Ross,bankManager
Ross,Amanda(date)
Ross,Cheryl
Ross,PoughkeepsieWoman
Ross,womanOnTrain
Ross,olderScientist
Ross,PeterScientist
Ross,TedGuide
Ross,Rhonda
Ross,ScottScientist
Ross,Kathy
Ross,Emily
Ross,Liam
Ross,Devon
Ross,Joshua
Ross,stripper
Ross,doctor(vet)
Ross,duck
Ross,StevenWaltham
Ross,AndreaWaltham
Ross,registrar
Ross,Joey'sDoctor
Ross,paramedic
Ross,Donald
Ross,Danny
Ross,ElizabethHornswoggle
Ross,RevBong
Ross,uglyNakedGuy
Ross,neighborSteve
Ross,couchSalesman
Ross,couchSaleswoman
Ross,Jen
Ross,man_5_17
Ross,grandmaTribbiani
Ross,Caitlin
Ross,Gary
Ross,flightAttendant
Ross,Meg
Ross,Karin
Ross,Stephanie
Ross,Russel
Ross,professor
Ross,student_6_4
Ross,judge
Ross,Janine
Ross,Hilary
Ross,stageManager
Ross,Jill
Ross,instructor
Ross,Elizabeth
Ross,Mel
Ross,Lydia
Ross,Burt
Ross,PaulStevens
Ross,Elizabeth'sRoommate
Ross,firstDormGuy
Ross,secondDormGuy
Ross,woman_7_2
Ross,oldMan
Ross,Whitney
Ross,Kyle
Ross,librarian
Ross,headLibrarian
Ross,girlStudent
Ross,guyStudent
Ross,woman_7_7
Ross,man_7_7
Ross,Tag
Ross,salesman7_10
Ross,auntMillie
Ross,Frannie
Ross,manInSportscar
Ross,AlanLewis
Ross,Ned
Ross,Cassie
Ross,woman_7_22
Ross,policeman1
Ross,policeman2
Ross,HelenaHandbasket
Ross,Mona
Ross,Melinda
Ross,secondGirl
Ross,Gert
Ross,woman@wedding
Ross,anxiousGuest
Ross,date
Ross,Kash
Ross,MrsVerhoeven
Ross,Will
Ross,locksmith
Ross,student_8_12
Ross,students
Ross,DrLong
Ross,doctor_8_14
Ross,Mona'sDate
Ross,Parker
Ross,femaleGuest
Ross,uncleDan
Ross,auntLisa
Ross,maleGuest
Ross,interviewer
Ross,Katie_8_21
Ross,nurse1
Ross,Julie_8_23
Ross,Marc
Ross,SickBastard
Ross,EvilBitch
Ross,womanInContr.
Ross,Sid
Ross,Emma
Ross,nurseKitty
Ross,DrGettleman
Ross,Sally
Ross,Mike
Ross,prospectiveNanny
Ross,Sandy
Ross,Amy
Ross,Bill
Ross,Molly
Ross,Tabitha
Ross,Gavin
Ross,blonde1
Ross,blonde2
Ross,woman_9_13
Ross,Michelle
Ross,waiter_s8&s9
Ross,Lowell
Ross,Kori
Ross,Charlie
Ross,ProfSpafford
Ross,Dirk
Ross,ProfSherman
Ross,fanSarah
Ross,ProfOberblau
Ross,ProfKlarik
Ross,tanningSalonGuy
Ross,Glenda
Ross,DrHobart
Ross,Joan
Ross,Missy
Ross,Adrienne
Ross,Chappy
Ross,nurse_10_13
Ross,MrZelner
Ross,Erica
Ross,babyErica
Ross,babyJack
Ross,manInCab
Ross,ticketAgent
Rachel,waitress
Rachel,LeonardGreen
Rachel,Paul
Rachel,Barry
Rachel,Robbie
Rachel,Mindy
Rachel,Alan
Rachel,Joanne
Rachel,Kiki
Rachel,Leslie_1_4
Rachel,pizzaGuy
Rachel,visaCardGuy
Rachel,horribleWoman
Rachel,MrHeckles
Rachel,Paolo
Rachel,Terry
Rachel,customer_1_9
Rachel,NoraBing
Rachel,Roger
Rachel,Ronni
Rachel,MrTribbiani
Rachel,Janice
Rachel,firemanDave
Rachel,firemanCharlie
Rachel,firemanEd
Rachel,Steve
Rachel,DrMitchel
Rachel,DrRosen
Rachel,admissionsWoman
Rachel,auntIris
Rachel,Barbara
Rachel,customer_1_19
Rachel,Marcel
Rachel,LuisaGianetti
Rachel,Danielle
Rachel,fakeMonica
Rachel,Carol
Rachel,DrFranzblau
Rachel,nurse
Rachel,Ben
Rachel,Melanie
Rachel,flightRepres.
Rachel,Carl(date)
Rachel,Julie
Rachel,MrTreeger
Rachel,Janitor
Rachel,SandraGreen
Rachel,Duncan
Rachel,waiter_2_5
Rachel,Stephanie
Rachel,Michael
Rachel,phoneGuy
Rachel,partyGuest
Rachel,Russ
Rachel,Erika
Rachel,vanDamme
Rachel,Judy
Rachel,Jack
Rachel,coffeeShopPatron_2_14
Rachel,Chip
Rachel,Richard
Rachel,Eddie
Rachel,Ryan
Rachel,MrWeinberg
Rachel,MrsWeinberg
Rachel,BarrysBestMan
Rachel,FrankJr
Rachel,customer_3_5
Rachel,IsabellaRossellini
Rachel,waiter
Rachel,Kika
Rachel,Betsy
Rachel,Gunther
Rachel,MrKaplanJr.
Rachel,Mark
Rachel,Nancy
Rachel,Robert
Rachel,Sophie
Rachel,Alice
Rachel,Pete
Rachel,Joanna
Rachel,Tommy
Rachel,Cailin
Rachel,Lauren
Rachel,Estelle
Rachel,director_3_22
Rachel,Vince
Rachel,Tim
Rachel,Tomas
Rachel,Bonnie
Rachel,Josh
Rachel,DrTimothyBurke
Rachel,Kathy
Rachel,MrPosner
Rachel,MrsLynch
Rachel,MrWaltham
Rachel,Joshua
Rachel,Emily
Rachel,doctor_4_17
Rachel,duck
Rachel,chick
Rachel,singingGuy
Rachel,ticketAgent
Rachel,passenger1
Rachel,passenger2
Rachel,registrar
Rachel,woman_5_1
Rachel,fligthAttendant
Rachel,Dave
Rachel,DrHarard
Rachel,Dan
Rachel,Danny
Rachel,Tom
Rachel,teacher
Rachel,Krista
Rachel,RevBong
Rachel,Katie
Rachel,couchSalesman
Rachel,Gary
Rachel,MrZelner
Rachel,Kim
Rachel,grandmaTribbiani
Rachel,Caitlin
Rachel,DrMiller
Rachel,airplaneGuy
Rachel,flightAttendant
Rachel,attendant
Rachel,professor
Rachel,Russel
Rachel,judge
Rachel,RalphLauren
Rachel,Janine
Rachel,Jill
Rachel,fireman1
Rachel,fireman2
Rachel,Elizabeth
Rachel,Sebastian
Rachel,Eldad
Rachel,Patrick
Rachel,PaulStevens
Rachel,museumOfficial
Rachel,MrThompson
Rachel,MrBowmont
Rachel,Tag
Rachel,Hilda
Rachel,Melissa
Rachel,Erin
Rachel,JessicaLockhart
Rachel,Megan
Rachel,storeOwner
Rachel,JessicaAshley
Rachel,woman_7_22
Rachel,policeman1
Rachel,guestAmanda
Rachel,greekPriest
Rachel,frontDeskClerk
Rachel,DrLong
Rachel,Kash
Rachel,Mona
Rachel,girlWitch
Rachel,boyClown
Rachel,cowGirl
Rachel,ballerina
Rachel,Lelani
Rachel,boyInCape
Rachel,MrsVerhoeven
Rachel,Will
Rachel,Dina
Rachel,Bobby
Rachel,nurse_1_11
Rachel,DrSchiff
Rachel,dateRoger
Rachel,waitress_8_12
Rachel,doctor_8_14
Rachel,waiter_s8&s9
Rachel,Parker
Rachel,femaleGuest
Rachel,uncleDan
Rachel,auntLisa
Rachel,maleGuest
Rachel,interviewer
Rachel,Katie_8_21
Rachel,nurse1
Rachel,Julie_8_23
Rachel,Marc
Rachel,SickBastard
Rachel,EvilBitch
Rachel,womanInContr.
Rachel,womanGivingBirth
Rachel,Sid
Rachel,Emma
Rachel,nurseKitty
Rachel,doctorPhone
Rachel,receptionist_9_3
Rachel,prospectiveNanny
Rachel,Sandy
Rachel,Mike
Rachel,Amy
Rachel,Bill
Rachel,Kevin
Rachel,Gavin
Rachel,Molly
Rachel,Heather
Rachel,Michelle
Rachel,Steven
Rachel,handyMan
Rachel,director_9_19
Rachel,Chase
Rachel,Charlie
Rachel,Matthew
Rachel,spaReceptionist
Rachel,dress.RoomWoman
Rachel,David
Rachel,Roy
Rachel,nurse_10_13
Rachel,maitreD
Rachel,MrCampbell
Rachel,RLaurenEmpl.
Rachel,babyErica
Rachel,babyJack
Rachel,gateAttendant
Rachel,nervousPass.
Rachel,stewardess
LeonardGreen,DrMitchel
LeonardGreen,waiter_8_8
LeonardGreen,Mona
Barry,Robbie
Barry,Bernice
Barry,Mindy
Barry,BarrysBestMan
Marsha,Carol
Carol,Susan
Carol,DrOberman
Carol,Kristen
Carol,DrFranzblau
Carol,Ben
Judy,Jack
Judy,auntLillian
Judy,NanasNurse
Judy,JudysFriend
Judy,Richard
Judy,Emily
Judy,StevenWaltham
Judy,AndreaWaltham
Judy,registrar
Judy,doctor_5_8
Judy,NoraBing
Judy,Gunther
Judy,HelenaHandbasket
Jack,auntLillian
Jack,Richard
Jack,RichardsFriend
Jack,Emily
Jack,StevenWaltham
Jack,AndreaWaltham
Jack,registrar
Jack,doctor_5_8
Jack,NoraBing
Jack,Emma
Susan,DrOberman
Susan,DrFranzblau
Susan,Ben
Susan,Emily
Mindy,BarrysBestMan
Kiki,Betsy
Angela,Bob
Janice,mattressKing
Janice,Sid
Janice,Ellen
MrHeckles,Eric
Andrea,girl_1_8
Marcel,Celia
Marcel,LuisaGianetti
David,Max
David,Mike
NoraBing,JayLeno
NoraBing,HelenaHandbasket
NoraBing,Dennis
Roger,MrTribbiani
MrTribbiani,Ronni
waiter,Erika
firemanDave,firemanCharlie
firemanDave,firemanEd
Charlie,Gunther
Charlie,ProfSpafford
Charlie,fanSarah
Charlie,ProfKlarik
Charlie,Amy
Charlie,DrHobart
firemanCharlie,firemanEd
Steve,waiter_s8&s9
Ursula,Eric
Nina,MrDouglas
H.HuntAsCustomer,L.KenzleAsCustomer
DrMitchel,DrRosen
teacher,fakeMonica
Lydia,Lydiasmother
Lydia,nurse
Lydia,babysfather
Ben,girl1
Ben,girl2
Ben,Richard
flightRepres.,airlinePass.
Julie,Russ
Annabel,hombreMan
hombreMan,customer_2_2
MrTreeger,MrBuddyDoyle
Duncan,Ray
FrankJr,MrsBuffay
FrankJr,Jasmine
FrankJr,Alice
FrankJr,DrZane
FrankJr,AlicesMother
FrankJr,DrHarard
FrankJr,FrankJrJr
FrankJr,LeslieBuffay
FrankJr,ChandlerBuffay
Michael,waiter_2_7
Gunther,Carl
Gunther,Arthur
Gunther,Robert
Gunther,Mark
Gunther,Joshua
Gunther,Emily
Gunther,Dave
Gunther,Larry
Gunther,Melissa
Gunther,interviewer
Estelle,Lori
Erica,adoptionAgencyWorker
Erica,doctor_10_17
securityGuard,elderlyWoman
securityGuard,Randall
Richard,RichardsFriend
Richard,woman_2_24
Richard,RichardsDate
Richard,Lisa
Eddie,Tilly
MrWeinberg,MrsWeinberg
Mark,Nancy
Dina,Bobby
Julio,Jeannine
Nancy,Kim
Sergei,Misha
Sophie,Joanna
Pete,Cailin
Pete,Hoshi
Pete,TankAbbott
Kate,director_3_19
Kate,director_3_20
Kate,Lauren
Kate,director_3_22
Joanna,MrPosner
Joanna,MrsLynch
chick,Tommy
chick,duck
chick,Joshua
duck,Tommy
duck,GuruSaj
duck,Joshua
Tommy,theaterPatron
Vince,Jason
Tim,Tomas
Doug,Kara
Kathy,actor
Rhonda,PeterScientist
Rhonda,museumWoman
MrWaltham,Joshua
Joshua,Emily
Joshua,MrBurgin
Joshua,MrsBurgin
Emily,Liam
Emily,Devon
Emily,StevenWaltham
Emily,AndreaWaltham
Emily,registrar
Liam,Devon
StevenWaltham,AndreaWaltham
StevenWaltham,registrar
AndreaWaltham,registrar
Felicity,registrar
stageManager,GaryCollins
Danny,Krista
Tom,Mike
Tom,Theodore
Tom,Bitsy
Tom,Sue
doctor_5_8,paramedic
Jen,man_5_17
MrZelner,Tag
MrZelner,Gavin
Kim,RalphLauren
director_5_18,Raymond
director_6_4,Alex
Amy,Emma
Amy,falafelGuy
Drake,DrWesley
Drake,HopeBrady
Elizabeth,PaulStevens
Elizabeth,firstDormGuy
Elizabeth,secondDormGuy
MrThompson,EmilAlexander
nurse1,nurse2
nurse1,Stryker
nurse2,Stryker
Kyle,Whitney
Erin,Ray
librarian,headLibrarian
Frannie,Stuart
HelenaHandbasket,BakersfieldGuy
Mona,secondGirl
Mona,Mona'sDate
manHoneymoon,womanHoneymoon
manHoneymoon,airlineEmpl
manHoneymoon,deskClerk
womanHoneymoon,airlineEmpl
womanHoneymoon,deskClerk
waiter_s8&s9,waiter2
waiter_s8&s9,waiter_9_14
Julie_8_23,Marc
SickBastard,EvilBitch
Emma,nurseKitty
Emma,Gavin
Emma,Molly
Mike,MaryEllen
Mike,Theodore
Mike,Bitsy
Mike,Sue
Mike,Kenneth
Mike,Manny
Mike,Precious
Mike,charityClerk
Mike,Rita
Theodore,Bitsy
Theodore,Sue
Bitsy,Sue
Gavin,Heather
Gavin,Molly
bossSteve,intern
Molly,Tabitha
blonde1,blonde2
Michelle,Michelle'sFriend
LeonardHayes,femaleProducer
Zack,Jeanette
ProfOberblau,NancyOberblau
Bill_10,Colleen
Bill_10,Owen
Colleen,Owen
DrHobart,DrLi
DrHobart,DrBiely
DonnyOsmond,Gene
DonnyOsmond,LeslieCharleson
DonnyOsmond,Henrietta
doctor_10_17,babyJack
babyJack,nurse_10_17
nervousPass.,stewardess
nervousPass.,femailePass.
nervousPass.,anotherPass.
stewardess,femalePass.
